Workbook

Sheet 📊 대시보드
B2: 🏠 2인 가족 가계부 대시보드
B4: 💰 수입 요약 | E4: 📈 주식 투자 현황
B5: 구성원 1 월급 | C5: ='💼 수입'!C6 | E5: 총 투자 원금 | F5: ='📈 주식투자'!C16
B6: 구성원 2 월급 | C6: ='💼 수입'!C7 | E6: 현재 평가금액 | F6: ='📈 주식투자'!C17
B7: 보너스 합계 | C7: ='💼 수입'!C8+'💼 수입'!C9 | E7: 이번 달 수익금 | F7: ='📈 주식투자'!C18
B8: 기타 수입 | C8: ='💼 수입'!C10 | E8: 총 수익률 | F8: ='📈 주식투자'!C19
B9: 수입 합계 | C9: ='💼 수입'!C11
E10: 🏦 적금/예금 현황
B11: 🛒 지출 요약 | E11: 적금 상품 수 | F11: ='🏦 적금예금'!C23
B12: 주거비 | C12: ='🛒 생활비'!C6 | E12: 예금 상품 수 | F12: ='🏦 적금예금'!C24
B13: 식비 | C13: ='🛒 생활비'!C7 | E13: 월 납입 총액 | F13: ='🏦 적금예금'!C25
B14: 교통비 | C14: ='🛒 생활비'!C8 | E14: 적금 누적 잔액 | F14: ='🏦 적금예금'!C26
B15: 통신비 | C15: ='🛒 생활비'!C9 | E15: 예금 잔액 | F15: ='🏦 적금예금'!C27
B16: 의료/건강 | C16: ='🛒 생활비'!C10 | E16: 저축 총 잔액 | F16: ='🏦 적금예금'!C28
B17: 여가/문화 | C17: ='🛒 생활비'!C11
B18: 교육비 | C18: ='🛒 생활비'!C12
B19: 기타 | C19: ='🛒 생활비'!C13
B20: 지출 합계 | C20: ='🛒 생활비'!C14
B22: 💡 월간 순잔액
B23: 월 수입 합계 | C23: ='💼 수입'!C11
B24: 월 지출 합계 | C24: ='🛒 생활비'!C14
B25: 적금 납입 총액 | C25: ='🏦 적금예금'!C25
B26: 순잔액 (수입-지출-적금) | C26: ='💼 수입'!C11-'🛒 생활비'!C14-'🏦 적금예금'!C25
B28: 📌 색상 범례: 파란색 글씨 = 직접 입력값 | 초록색 글씨 = 다른 시트 연동값

Sheet 💼 수입
B2: 💼 월간 수입 관리
B4: 기준 월 | C4: 2026년 06월
B5: 항목 | C5: 이번 달 금액 (원) | D5: 전월 금액 (원) | E5: 전년 동월 (원) | F5: 비고
B6: 구성원 1 월급 | C6: 0 | D6: 0 | E6: 0 | F6: 기본급 + 수당
B7: 구성원 2 월급 | C7: 0 | D7: 0 | E7: 0 | F7: 기본급 + 수당
B8: 구성원 1 보너스/상여 | C8: 0 | D8: 0 | E8: 0 | F8: 분기별 등
B9: 구성원 2 보너스/상여 | C9: 0 | D9: 0 | E9: 0 | F9: 분기별 등
B10: 기타 수입 (부업 등) | C10: 0 | D10: 0 | E10: 0
B11: 💰 수입 합계 | C11: =SUM(C6:C10) | D11: =SUM(D6:D10) | E11: =SUM(E6:E10)

Sheet 🛒 생활비
B2: 🛒 2인 가족 생활비 관리
B4: 기준 월 | C4: ='💼 수입'!C4
B5: 생활비 항목 | C5: 이번 달 금액 (원) | D5: 전월 금액 (원) | E5: 예산 (원) | F5: 비고
B6: 주거비 (월세/관리비) | C6: 0 | D6: 0 | E6: 0 | F6: 월세, 관리비
B7: 식비 (외식 포함) | C7: 0 | D7: 0 | E7: 0 | F7: 마트, 배달, 외식
B8: 교통비 | C8: 0 | D8: 0 | E8: 0 | F8: 대중교통, 주유, 주차
B9: 통신비 (핸드폰 등) | C9: 0 | D9: 0 | E9: 0 | F9: 2인 합산
B10: 의료/건강비 | C10: 0 | D10: 0 | E10: 0 | F10: 병원, 약, 헬스
B11: 여가/문화생활비 | C11: 0 | D11: 0 | E11: 0 | F11: 여행, OTT, 취미
B12: 교육비 | C12: 0 | D12: 0 | E12: 0 | F12: 도서, 강의
B13: 기타 생활비 | C13: 0 | D13: 0 | E13: 0
B14: 🛒 지출 합계 | C14: =SUM(C6:C13) | D14: =SUM(D6:D13) | E14: =SUM(E6:E13)
B16: 📊 예산 대비 지출 분석
B17: 항목 | C17: 이번 달 지출 | D17: 예산 | E17: 잔액 (예산-지출) | F17: 달성률
B18: =B6 | C18: =C6 | D18: =E6 | E18: =D18-C18 | F18: =IF(D18=0,0,C18/D18)
B19: =B7 | C19: =C7 | D19: =E7 | E19: =D19-C19 | F19: =IF(D19=0,0,C19/D19)
B20: =B8 | C20: =C8 | D20: =E8 | E20: =D20-C20 | F20: =IF(D20=0,0,C20/D20)
B21: =B9 | C21: =C9 | D21: =E9 | E21: =D21-C21 | F21: =IF(D21=0,0,C21/D21)
B22: =B10 | C22: =C10 | D22: =E10 | E22: =D22-C22 | F22: =IF(D22=0,0,C22/D22)
B23: =B11 | C23: =C11 | D23: =E11 | E23: =D23-C23 | F23: =IF(D23=0,0,C23/D23)
B24: =B12 | C24: =C12 | D24: =E12 | E24: =D24-C24 | F24: =IF(D24=0,0,C24/D24)
B25: =B13 | C25: =C13 | D25: =E13 | E25: =D25-C25 | F25: =IF(D25=0,0,C25/D25)

Sheet 📈 주식투자
B2: 📈 주식 투자 관리
B5: 종목명 | C5: 투자 원금 (원) | D5: 현재 평가금액 (원) | E5: 평가손익 (원) | F5: 수익률 | G5: 이번 달 실현수익 (원)
C6: 0 | D6: 0 | E6: =D6-C6 | F6: =IF(C6=0,0,(D6-C6)/C6) | G6: 0
C7: 0 | D7: 0 | E7: =D7-C7 | F7: =IF(C7=0,0,(D7-C7)/C7) | G7: 0
C8: 0 | D8: 0 | E8: =D8-C8 | F8: =IF(C8=0,0,(D8-C8)/C8) | G8: 0
C9: 0 | D9: 0 | E9: =D9-C9 | F9: =IF(C9=0,0,(D9-C9)/C9) | G9: 0
C10: 0 | D10: 0 | E10: =D10-C10 | F10: =IF(C10=0,0,(D10-C10)/C10) | G10: 0
C11: 0 | D11: 0 | E11: =D11-C11 | F11: =IF(C11=0,0,(D11-C11)/C11) | G11: 0
C12: 0 | D12: 0 | E12: =D12-C12 | F12: =IF(C12=0,0,(D12-C12)/C12) | G12: 0
C13: 0 | D13: 0 | E13: =D13-C13 | F13: =IF(C13=0,0,(D13-C13)/C13) | G13: 0
B15: 📊 투자 요약
B16: 총 투자 원금 | C16: =SUM(C6:C13)
B17: 현재 총 평가금액 | C17: =SUM(D6:D13)
B18: 이번 달 실현 수익금 | C18: =SUM(G6:G13)
B19: 총 수익률 | C19: =IF(C16=0,0,(C17-C16)/C16)

Sheet 🏦 적금예금
B2: 🏦 적금 / 예금 현황 관리
B4: 📌 적금 상품 현황
B5: 상품명/은행 | C5: 월 납입액 (원) | D5: 금리 (%) | E5: 만기일 | F5: 누적 잔액 (원) | G5: 명의
C6: 0 | D6: 0 | F6: 0
C7: 0 | D7: 0 | F7: 0
C8: 0 | D8: 0 | F8: 0
C9: 0 | D9: 0 | F9: 0
C10: 0 | D10: 0 | F10: 0
B11: 적금 소계 | C11: =SUM(C6:C10) | F11: =SUM(F6:F10)
B13: 🏛 예금 상품 현황
B14: 상품명/은행 | C14: 예치 원금 (원) | D14: 금리 (%) | E14: 만기일 | F14: 현재 잔액 (원) | G14: 명의
C15: 0 | D15: 0 | F15: 0
C16: 0 | D16: 0 | F16: 0
C17: 0 | D17: 0 | F17: 0
C18: 0 | D18: 0 | F18: 0
C19: 0 | D19: 0 | F19: 0
B20: 예금 소계 | C20: =SUM(C15:C19) | F20: =SUM(F15:F19)
B22: 💎 저축 전체 요약
B23: 적금 상품 수 (개) | C23: =COUNTA(B6:B10)
B24: 예금 상품 수 (개) | C24: =COUNTA(B15:B19)
B25: 이번 달 적금 납입 총액 | C25: =C11
B26: 적금 누적 잔액 합계 | C26: =F11
B27: 예금 잔액 합계 | C27: =F20
B28: 저축 총 잔액 | C28: =F11+F20
